{"mat": [[1.0, 0.4999999999999999, 0.4082482904638629, 0.0, 0.0, 0.25, 0.0, 0.0, 0.0, 0.0, 0.0, 0.0, 0.0, 0.0], [0.4999999999999999, 1.0, 0.0, 0.0, 0.0, 0.25, 0.0, 0.0, 0.0, 0.0, 0.0, 0.0, 0.0, 0.0], [0.4082482904638629, 0.0, 1.0, 0.4714045207910318, 0.19245008972987532, 0.20412414523193145, 0.21821789023599236, 0.0, 0.0, 0.0, 0.0, 0.0, 0.0, 0.0], [0.0, 0.0, 0.4714045207910318, 1.0, 0.40824829046386313, 0.14433756729740643, 0.3086066999241839, 0.13608276348795434, 0.0, 0.12309149097933281, 0.16666666666666674, 0.2357022603955159, 0.0, 0.28867513459481287], [0.0, 0.0, 0.19245008972987532, 0.40824829046386313, 1.0, 0.35355339059327373, 0.0, 0.11111111111111116, 0.2222222222222222, 0.30151134457776363, 0.2721655269759087, 0.19245008972987532, 0.0, 0.23570226039551578], [0.25, 0.25, 0.20412414523193145, 0.14433756729740643, 0.35355339059327373, 1.0, 0.13363062095621214, 0.23570226039551578, 0.11785113019775795, 0.21320071635561044, 0.28867513459481287, 0.0, 0.0, 0.0], [0.0, 0.0, 0.21821789023599236, 0.3086066999241839, 0.0, 0.13363062095621214, 1.0, 0.3779644730092272, 0.2519763153394847, 0.22792115291927595, 0.0, 0.0, 0.0, 0.0], [0.0, 0.0, 0.0, 0.13608276348795434, 0.11111111111111116, 0.23570226039551578, 0.3779644730092272, 1.0, 0.2222222222222222, 0.20100756305184242, 0.13608276348795434, 0.19245008972987532, 0.0, 0.0], [0.0, 0.0, 0.0, 0.0, 0.2222222222222222, 0.11785113019775795, 0.2519763153394847, 0.2222222222222222, 1.0, 0.0, 0.0, 0.0, 0.23570226039551578, 0.0], [0.0, 0.0, 0.0, 0.12309149097933281, 0.30151134457776363, 0.21320071635561044, 0.22792115291927595, 0.20100756305184242, 0.0, 1.0, 0.2461829819586655, 0.0, 0.21320071635561044, 0.0], [0.0, 0.0, 0.0, 0.16666666666666674, 0.2721655269759087, 0.28867513459481287, 0.0, 0.13608276348795434, 0.0, 0.2461829819586655, 1.0, 0.4714045207910318, 0.0, 0.0], [0.0, 0.0, 0.0, 0.2357022603955159, 0.19245008972987532, 0.0, 0.0, 0.19245008972987532, 0.0, 0.0, 0.4714045207910318, 1.0, 0.0, 0.0], [0.0, 0.0, 0.0, 0.0, 0.0, 0.0, 0.0, 0.0, 0.23570226039551578, 0.21320071635561044, 0.0, 0.0, 1.0, 0.0], [0.0, 0.0, 0.0, 0.28867513459481287, 0.23570226039551578, 0.0, 0.0, 0.0, 0.0, 0.0, 0.0, 0.0, 0.0, 1.0]], "links": [], "views": [{"N_row_sum": "all", "dist": "cos", "nodes": {"row_nodes": [{"group": [1.0, 1.0, 1.0, 1.0, 1.0, 1.0, 1.0, 1.0, 1.0, 1.0, 1.0], "name": "1-10", "clust": 1, "rank": 5, "ini": 14, "rankvar": 13}, {"group": [2.0, 2.0, 2.0, 1.0, 1.0, 1.0, 1.0, 1.0, 1.0, 1.0, 1.0], "name": "1-11", "clust": 2, "rank": 2, "ini": 13, "rankvar": 12}, {"group": [10.0, 10.0, 10.0, 8.0, 6.0, 5.0, 4.0, 3.0, 2.0, 1.0, 1.0], "name": "1-12", "clust": 11, "rank": 6, "ini": 12, "rankvar": 11}, {"group": [8.0, 8.0, 8.0, 6.0, 5.0, 5.0, 4.0, 3.0, 2.0, 1.0, 1.0], "name": "1-13", "clust": 12, "rank": 12, "ini": 11, "rankvar": 5}, {"group": [9.0, 9.0, 9.0, 7.0, 5.0, 5.0, 4.0, 3.0, 2.0, 1.0, 1.0], "name": "1-14", "clust": 13, "rank": 13, "ini": 10, "rankvar": 1}, {"group": [11.0, 11.0, 11.0, 9.0, 7.0, 6.0, 4.0, 3.0, 2.0, 1.0, 1.0], "name": "1-15", "clust": 10, "rank": 11, "ini": 9, "rankvar": 0}, {"group": [3.0, 3.0, 3.0, 2.0, 2.0, 2.0, 2.0, 2.0, 2.0, 1.0, 1.0], "name": "1-16", "clust": 5, "rank": 7, "ini": 8, "rankvar": 7}, {"group": [4.0, 4.0, 4.0, 3.0, 2.0, 2.0, 2.0, 2.0, 2.0, 1.0, 1.0], "name": "1-17", "clust": 6, "rank": 10, "ini": 7, "rankvar": 2}, {"group": [5.0, 5.0, 5.0, 4.0, 3.0, 3.0, 2.0, 2.0, 2.0, 1.0, 1.0], "name": "1-18", "clust": 4, "rank": 3, "ini": 6, "rankvar": 4}, {"group": [12.0, 12.0, 12.0, 10.0, 8.0, 7.0, 5.0, 3.0, 2.0, 1.0, 1.0], "name": "1-19", "clust": 9, "rank": 8, "ini": 5, "rankvar": 3}, {"group": [6.0, 6.0, 6.0, 5.0, 4.0, 4.0, 3.0, 3.0, 2.0, 1.0, 1.0], "name": "1-20", "clust": 7, "rank": 9, "ini": 4, "rankvar": 9}, {"group": [7.0, 7.0, 7.0, 5.0, 4.0, 4.0, 3.0, 3.0, 2.0, 1.0, 1.0], "name": "1-21", "clust": 8, "rank": 4, "ini": 3, "rankvar": 10}, {"group": [14.0, 14.0, 14.0, 12.0, 10.0, 9.0, 7.0, 5.0, 4.0, 2.0, 1.0], "name": "1-22", "clust": 0, "rank": 0, "ini": 2, "rankvar": 6}, {"group": [13.0, 13.0, 13.0, 11.0, 9.0, 8.0, 6.0, 4.0, 3.0, 1.0, 1.0], "name": "1-9", "clust": 3, "rank": 1, "ini": 1, "rankvar": 8}], "col_nodes": [{"group": [1.0, 1.0, 1.0, 1.0, 1.0, 1.0, 1.0, 1.0, 1.0, 1.0, 1.0], "name": "1-10", "clust": 1, "rank": 5, "ini": 14, "rankvar": 13}, {"group": [2.0, 2.0, 2.0, 1.0, 1.0, 1.0, 1.0, 1.0, 1.0, 1.0, 1.0], "name": "1-11", "clust": 2, "rank": 2, "ini": 13, "rankvar": 12}, {"group": [10.0, 10.0, 10.0, 8.0, 6.0, 5.0, 4.0, 3.0, 2.0, 1.0, 1.0], "name": "1-12", "clust": 11, "rank": 6, "ini": 12, "rankvar": 11}, {"group": [8.0, 8.0, 8.0, 6.0, 5.0, 5.0, 4.0, 3.0, 2.0, 1.0, 1.0], "name": "1-13", "clust": 12, "rank": 12, "ini": 11, "rankvar": 5}, {"group": [9.0, 9.0, 9.0, 7.0, 5.0, 5.0, 4.0, 3.0, 2.0, 1.0, 1.0], "name": "1-14", "clust": 13, "rank": 13, "ini": 10, "rankvar": 1}, {"group": [11.0, 11.0, 11.0, 9.0, 7.0, 6.0, 4.0, 3.0, 2.0, 1.0, 1.0], "name": "1-15", "clust": 10, "rank": 11, "ini": 9, "rankvar": 0}, {"group": [3.0, 3.0, 3.0, 2.0, 2.0, 2.0, 2.0, 2.0, 2.0, 1.0, 1.0], "name": "1-16", "clust": 5, "rank": 7, "ini": 8, "rankvar": 7}, {"group": [4.0, 4.0, 4.0, 3.0, 2.0, 2.0, 2.0, 2.0, 2.0, 1.0, 1.0], "name": "1-17", "clust": 6, "rank": 10, "ini": 7, "rankvar": 2}, {"group": [5.0, 5.0, 5.0, 4.0, 3.0, 3.0, 2.0, 2.0, 2.0, 1.0, 1.0], "name": "1-18", "clust": 4, "rank": 3, "ini": 6, "rankvar": 4}, {"group": [12.0, 12.0, 12.0, 10.0, 8.0, 7.0, 5.0, 3.0, 2.0, 1.0, 1.0], "name": "1-19", "clust": 9, "rank": 8, "ini": 5, "rankvar": 3}, {"group": [6.0, 6.0, 6.0, 5.0, 4.0, 4.0, 3.0, 3.0, 2.0, 1.0, 1.0], "name": "1-20", "clust": 7, "rank": 9, "ini": 4, "rankvar": 9}, {"group": [7.0, 7.0, 7.0, 5.0, 4.0, 4.0, 3.0, 3.0, 2.0, 1.0, 1.0], "name": "1-21", "clust": 8, "rank": 4, "ini": 3, "rankvar": 10}, {"group": [14.0, 14.0, 14.0, 12.0, 10.0, 9.0, 7.0, 5.0, 4.0, 2.0, 1.0], "name": "1-22", "clust": 0, "rank": 0, "ini": 2, "rankvar": 6}, {"group": [13.0, 13.0, 13.0, 11.0, 9.0, 8.0, 6.0, 4.0, 3.0, 1.0, 1.0], "name": "1-9", "clust": 3, "rank": 1, "ini": 1, "rankvar": 8}]}}, {"N_row_sum": 10, "dist": "cos", "nodes": {"row_nodes": [{"group": [7.0, 7.0, 7.0, 6.0, 5.0, 4.0, 3.0, 2.0, 1.0, 1.0, 1.0], "name": "1-14", "clust": 8, "rank": 9, "ini": 10, "rankvar": 1}, {"group": [8.0, 8.0, 8.0, 7.0, 5.0, 4.0, 3.0, 2.0, 1.0, 1.0, 1.0], "name": "1-13", "clust": 9, "rank": 8, "ini": 9, "rankvar": 4}, {"group": [9.0, 9.0, 9.0, 8.0, 6.0, 4.0, 3.0, 2.0, 1.0, 1.0, 1.0], "name": "1-15", "clust": 7, "rank": 7, "ini": 8, "rankvar": 0}, {"group": [5.0, 5.0, 5.0, 4.0, 4.0, 3.0, 3.0, 2.0, 1.0, 1.0, 1.0], "name": "1-17", "clust": 4, "rank": 6, "ini": 7, "rankvar": 2}, {"group": [3.0, 3.0, 3.0, 3.0, 3.0, 2.0, 2.0, 2.0, 1.0, 1.0, 1.0], "name": "1-20", "clust": 2, "rank": 5, "ini": 6, "rankvar": 6}, {"group": [10.0, 10.0, 10.0, 9.0, 7.0, 5.0, 3.0, 2.0, 1.0, 1.0, 1.0], "name": "1-19", "clust": 6, "rank": 4, "ini": 5, "rankvar": 3}, {"group": [6.0, 6.0, 6.0, 5.0, 4.0, 3.0, 3.0, 2.0, 1.0, 1.0, 1.0], "name": "1-16", "clust": 5, "rank": 3, "ini": 4, "rankvar": 5}, {"group": [1.0, 1.0, 1.0, 1.0, 1.0, 1.0, 1.0, 1.0, 1.0, 1.0, 1.0], "name": "1-12", "clust": 0, "rank": 2, "ini": 3, "rankvar": 8}, {"group": [2.0, 2.0, 2.0, 2.0, 2.0, 1.0, 1.0, 1.0, 1.0, 1.0, 1.0], "name": "1-10", "clust": 1, "rank": 1, "ini": 2, "rankvar": 9}, {"group": [4.0, 4.0, 4.0, 3.0, 3.0, 2.0, 2.0, 2.0, 1.0, 1.0, 1.0], "name": "1-21", "clust": 3, "rank": 0, "ini": 1, "rankvar": 7}], "col_nodes": [{"group": [1.0, 1.0, 1.0, 1.0, 1.0, 1.0, 1.0, 1.0, 1.0, 1.0, 1.0], "name": "1-10", "clust": 1, "rank": 4, "ini": 14, "rankvar": 13}, {"group": [2.0, 1.0, 1.0, 1.0, 1.0, 1.0, 1.0, 1.0, 1.0, 1.0, 1.0], "name": "1-11", "clust": 2, "rank": 2, "ini": 13, "rankvar": 3}, {"group": [14.0, 13.0, 11.0, 8.0, 7.0, 6.0, 5.0, 4.0, 1.0, 1.0, 1.0], "name": "1-12", "clust": 10, "rank": 9, "ini": 12, "rankvar": 11}, {"group": [11.0, 10.0, 9.0, 7.0, 6.0, 6.0, 5.0, 4.0, 1.0, 1.0, 1.0], "name": "1-13", "clust": 12, "rank": 13, "ini": 11,